<?xml version="1.0" encoding="UTF-8"?>

<routes xmlns:xsi="http://www.w3.org/2001/XMLSchema-instance" xsi:noNamespaceSchemaLocation="http://sumo.dlr.de/xsd/routes_file.xsd">

    <!-- Vehicle types -->
    <vType id="passenger" length="5.0" width="2.0" maxSpeed="70.0" accel="2.6" decel="4.5" sigma="0.5"/>
    
    <!-- ============================================================ -->
    <!-- Route 2: Alternative path (F4F3 → F3E3) -->
    <!-- This is the intended alternate route via the 3-way junction -->
    <!-- ============================================================ -->
    <route id="trip-1" color="blue" edges="F4F3 F3E3"/>

    <!-- Additional vehicles for alternate route (departing FIRST) -->
    <vehicle id="vehicle-5" type="passenger" color="blue" depart="1.0" departSpeed="max" route="trip-1"/>
    <vehicle id="vehicle-6" type="passenger" color="blue" depart="2.0" departSpeed="max" route="trip-1"/>

    <!-- ============================================================ -->
    <!-- Route 1: Main path (F4F3 → F3F2) -->
    <!-- This is the route that will be attacked -->
    <!-- ============================================================ -->
    <route id="trip-0" color="yellow" edges="F4F3 F3F2"/>

    <!-- Vehicles for Route 1 (departing AFTER Route 2) -->
    <vehicle id="vehicle-0" type="passenger" color="yellow" depart="4.0" departSpeed="max" route="trip-0"/>
    <vehicle id="vehicle-1" type="passenger" color="yellow" depart="5.0" departSpeed="max" route="trip-0"/>
    <vehicle id="vehicle-2" type="passenger" color="yellow" depart="6.0" departSpeed="max" route="trip-0"/>
    <vehicle id="vehicle-3" type="passenger" color="yellow" depart="7.0" departSpeed="max" route="trip-0"/>
    <vehicle id="vehicle-4" type="passenger" color="yellow" depart="8.0" departSpeed="max" route="trip-0"/>

</routes>
