<?xml version="1.0" encoding="UTF-8"?>

<!-- generated on 2025-12-01 20:48:37 by Eclipse SUMO polyconvert Version 1.22.0
<polyconvertConfiguration xmlns:xsi="http://www.w3.org/2001/XMLSchema-instance" xsi:noNamespaceSchemaLocation="http://sumo.dlr.de/xsd/polyconvertConfiguration.xsd">

    <input>
        <net-file value="example.net.xml"/>
    </input>

    <output>
        <output-file value="example.poly.xml"/>
    </output>

</polyconvertConfiguration>
-->

<additional xmlns:xsi="http://www.w3.org/2001/XMLSchema-instance" xsi:noNamespaceSchemaLocation="http://sumo.dlr.de/xsd/additional_file.xsd">
</additional>
